<?xml version="1.0" encoding="UTF-8"?>
<!-- Autor: Marek Kłaput -->
<!-- v.2025.09.19.1 -->
<presets xmlns="http://josm.openstreetmap.de/tagging-preset-1.0" version="1.7_2025-11-19">
	<group name="Wszystkie w jednym">
		<group name="Automaty paczkowe" icon="paczka.png">
			<item name="Paczkomat InPost" icon="inpost.png" type="node,closedway" preset_name_label="true">
				<key key="amenity" value="parcel_locker"/>
				<key key="brand" value="Paczkomat InPost"/>
				<key key="brand:wikidata" value="Q110970254"/>
				<key key="operator" value="InPost"/>
				<key key="operator:wikidata" value="Q3182097"/>
				<key key="operator:wikipedia" value="pl:InPost"/>
				<key key="parcel_pickup" value="yes"/>
				<key key="parcel_mail_in" value="yes"/>
				<text key="ref" text="Numer referencyjny"/>
				<text key="description" text="Opis"/>
				<text key="opening_hours" text="Godziny otwarcia" default="24/7"/>
				<text key="website" text="Strona internetowa"/>
				<link href="https://inpost.pl/znajdz-paczkomat" text="Mapa paczkomatów"/>
			</item>
			<item name="Lodówkomat InPost" icon="inpost.png" type="node,closedway" preset_name_label="true">
				<key key="amenity" value="parcel_locker"/>
				<key key="brand" value="Lodówkomat InPost"/>
				<key key="brand:wikidata" value="Q126284966"/>
				<key key="operator" value="InPost"/>
				<key key="operator:wikidata" value="Q3182097"/>
				<key key="operator:wikipedia" value="pl:InPost"/>
				<key key="parcel_pickup" value="yes"/>
				<key key="parcel_mail_in" value="no"/>
				<text key="ref" text="Numer referencyjny"/>
				<text key="description" text="Opis"/>
				<text key="opening_hours" text="Godziny otwarcia" default="24/7"/>
				<text key="website" text="Strona internetowa"/>
				<key key="refrigerated" value="yes"/>
				<link href="https://inpost.pl/lodowkomaty" text="mapa lodówkomatów"/>
			</item>
			<item name="Appkomat InPost" icon="inpost.png" type="node,closedway" preset_name_label="true">
				<key key="amenity" value="parcel_locker"/>
				<key key="app_operated" value="only"/>
				<key key="brand" value="Appkomat InPost"/>
				<key key="brand:wikidata" value="Q130375314"/>
				<key key="operator" value="InPost"/>
				<key key="operator:wikidata" value="Q3182097"/>
				<key key="operator:wikipedia" value="pl:InPost"/>
				<key key="parcel_pickup" value="yes"/>
				<key key="parcel_mail_in" value="yes"/>
				<text key="ref" text="Numer referencyjny"/>
				<text key="description" text="Opis"/>
				<text key="opening_hours" text="Godziny otwarcia" default="24/7"/>
				<text key="website" text="Strona internetowa"/>
				<link href="https://inpost.pl/znajdz-paczkomat" text="Mapa paczkomatów"/>
			</item>
			<item name="Orlen Paczka" icon="orlen_paczka.png" type="node,closedway" preset_name_label="true">
				<key key="amenity" value="parcel_locker"/>
				<key key="brand" value="Orlen Paczka"/>
				<key key="brand:wikidata" value="Q110457879"/>
				<key key="operator" value="Orlen"/>
				<key key="operator:wikidata" value="Q971649"/>
				<key key="operator:wikipedia" value="pl:Orlen"/>
				<key key="parcel_pickup" value="yes"/>
				<key key="parcel_mail_in" value="yes"/>
				<text key="ref" text="Numer referencyjny"/>
				<text key="description" text="Opis"/>
				<text key="opening_hours" text="Godziny otwarcia" default="24/7"/>
				<text key="website" text="Strona internetowa"/>
				<link href="https://www.orlenpaczka.pl/pokaz-punkty/" text="Mapa automatów Orlen Paczka"/>
			</item>
			<item name="Allegro OneBox" icon="allegro.png" type="node,closedway" preset_name_label="true">
				<key key="amenity" value="parcel_locker"/>
				<key key="brand" value="Allegro One Box"/>
				<key key="brand:wikidata" value="Q110738715"/>
				<key key="operator" value="UPS"/>
				<key key="operator:wikidata" value="Q155026"/>
				<key key="operator:wikipedia" value="pl:United Parcel Service"/>
				<key key="parcel_pickup" value="yes"/>
				<key key="parcel_mail_in" value="yes"/>
				<text key="ref" text="Numer referencyjny"/>
				<text key="description" text="Opis"/>
				<text key="opening_hours" text="Godziny otwarcia" default="24/7"/>
				<text key="website" text="Strona internetowa"/>
				<link href="https://allegro.pl/kampania/one/znajdz-nas" text="Mapa automatów Allegro OneBox"/>
			</item>
			<item name="DPD" icon="dpd.png" type="node,closedway" preset_name_label="true">
				<key key="amenity" value="parcel_locker"/>
				<combo key="app_operated" text="Sterowanie aplikacją" values="only,yes,no" display_values="Tylko aplikacją,Aplikacją i klawiaturką,Nie"/>
				<key key="brand" value="DPD Pickup Station"/>
				<key key="brand:wikidata" value="Q114273730"/>
				<key key="operator" value="DPD"/>
				<key key="operator:wikidata" value="Q541030"/>
				<key key="operator:wikipedia" value="pl:Geopost"/>
				<key key="parcel_pickup" value="yes"/>
				<key key="parcel_mail_in" value="yes"/>
				<text key="ref" text="Numer referencyjny"/>
				<text key="description" text="Opis"/>
				<text key="opening_hours" text="Godziny otwarcia" default="24/7"/>
				<text key="website" text="Strona internetowa"/>
				<link href="https://www.dpd.com/pl/pl/dpd-pickup/znajdz-punkt-dpd-pickup/" text="Mapa automatów DPD"/>
			</item>
			<item name="DHL POP BOX" icon="dhl.png" type="node,closedway" preset_name_label="true">
				<key key="amenity" value="parcel_locker"/>
				<key key="brand" value="DHL BOX 24/7"/>
				<key key="brand:wikidata" value="Q115568785"/>
				<key key="operator" value="DHL"/>
				<key key="operator:wikidata" value="Q489815"/>
				<key key="operator:wikipedia" value="pl:DHL"/>
				<key key="parcel_pickup" value="yes"/>
				<key key="parcel_mail_in" value="yes"/>
				<text key="ref" text="Numer referencyjny"/>
				<text key="description" text="Opis"/>
				<text key="opening_hours" text="Godziny otwarcia" default="24/7"/>
				<text key="website" text="Strona internetowa"/>
				<link href="https://parcelshop.dhl.pl/mapa" text="Mapa automatów DHL"/>
			</item>
			<item name="Automat Pocztex" icon="poczta_polska.png" type="node,closedway" preset_name_label="true">
				<key key="amenity" value="parcel_locker"/>
				<key key="brand" value="Pocztex"/>
				<key key="brand:wikidata" value="Q127106701"/>
				<key key="operator" value="Poczta Polska"/>
				<key key="operator:wikidata" value="Q168833"/>
				<key key="operator:wikipedia" value="pl:Poczta Polska"/>
				<key key="parcel_pickup" value="yes"/>
				<key key="parcel_mail_in" value="yes"/>
				<text key="ref" text="Numer referencyjny"/>
				<text key="description" text="Opis"/>
				<text key="opening_hours" text="Godziny otwarcia" default="24/7"/>
				<text key="website" text="Strona internetowa"/>
				<link href="https://www.poczta-polska.pl/znajdz-punkt/" text="Mapa automatów Pocztex"/>
			</item>
			<item name="Mebox" icon="mediaexpert.png" type="node,closedway" preset_name_label="true">
				<key key="amenity" value="parcel_locker"/>
				<key key="brand" value="Mebox"/>
				<key key="operator" value="Media Expert"/>
				<key key="operator:wikidata" value="Q11776794"/>
				<key key="operator:wikipedia" value="pl:Media Expert"/>
				<key key="parcel_pickup" value="yes"/>
				<key key="parcel_mail_in" value="no"/>
				<text key="ref" text="Numer referencyjny"/>
				<text key="description" text="Opis"/>
				<text key="opening_hours" text="Godziny otwarcia" default="24/7"/>
				<text key="website" text="Strona internetowa"/>
			</item>
			<item name="Szybkomat (Leroy Merlin)" icon="leroymerlin.png" type="node,closedway" preset_name_label="true">
				<key key="amenity" value="parcel_locker"/>
				<key key="brand" value="Szybkomat"/>
				<key key="operator" value="Leroy Merlin"/>
				<key key="operator:wikidata" value="Q889624"/>
				<key key="operator:wikipedia" value="pl:Leroy Merlin"/>
				<key key="parcel_pickup" value="yes"/>
				<key key="parcel_mail_in" value="no"/>
				<text key="ref" text="Numer referencyjny"/>
				<text key="description" text="Opis"/>
				<text key="opening_hours" text="Godziny otwarcia" default="24/7"/>
				<text key="website" text="Strona internetowa"/>
			</item>
			<item name="Castomat (Castorama)" icon="castorama.png" type="node,closedway" preset_name_label="true">
				<key key="amenity" value="parcel_locker"/>
				<key key="brand" value="Castomat"/>
				<key key="operator" value="Castorama"/>
				<key key="operator:wikidata" value="Q966971"/>
				<key key="operator:wikipedia" value="pl:Castorama"/>
				<key key="parcel_pickup" value="yes"/>
				<key key="parcel_mail_in" value="no"/>
				<text key="ref" text="Numer referencyjny"/>
				<text key="description" text="Opis"/>
				<text key="opening_hours" text="Godziny otwarcia" default="24/7"/>
				<text key="website" text="Strona internetowa"/>
			</item>
			<item name="Automat Aliexpress" icon="aliexpress.png" type="node,closedway" preset_name_label="true">
				<key key="amenity" value="parcel_locker"/>
				<key key="brand" value="Aliexpress"/>
				<key key="brand:wikidata" value="Q29904317"/>
				<key key="brand:wikipedia" value="pl:AliExpress"/>
				<key key="parcel_pickup" value="yes"/>
				<key key="parcel_mail_in" value="no"/>
				<text key="ref" text="Numer referencyjny"/>
				<text key="description" text="Opis"/>
				<text key="opening_hours" text="Godziny otwarcia" default="24/7"/>
				<text key="website" text="Strona internetowa"/>
			</item>
		</group>
		<group name="Obiekty użytku">
			<item name="Trzepak" type="node,way" preset_name_label="true" icon="trzepak.png">
				<key key="man_made" value="carpet_hanger"/>
			</item>
			<item name="Klatka schodowa (wejście)" type="node" preset_name_label="true" icon="klatka.png">
				<key key="entrance" value="staircase"/>
				<combo key="access" text="Dostęp" values="customers,delivery,no,permissive,private,yes" display_values="Tylko klienci,Dostawy,Nie,Tak (niepewne),Prywatne,Tak" default="private"/>
				<text key="addr:flats" text="Numery mieszkań"/>
				<text key="ref" text="Oznaczenie klatki"/>
			</item>
			<item name="Śmietnik" type="node,closedway" preset_name_label="true" icon="smietnik.png">
				<key key="amenity" value="waste_disposal"/>
				<combo key="access" text="Dostęp" values="customers,delivery,no,permissive,private,yes" display_values="Tylko klienci,Dostawy,Nie,Tak (niepewne),Prywatne,Tak" default="private"/>
				<check key="fee" value_on="yes" value_off="no" text="Opłata"/>
				<text key="capacity" text="Pojemność (m3)"/>
				<check key="building" value_on="yes" value_off="no" text="Budynek"/>
				<text key="operator" text="Zarządca"/>
				<text key="waste" text="Rodzaj odpadów" default="trash"/>
			</item>
			<item name="Brak połączenia" type="node" preset_name_label="true" icon="noexit.png">
				<key key="noexit" value="yes"/>
				<text key="description" text="Opis"/>
			</item>
			<item name="Sklep z tkaninami (ręczniki, pościel, ścierki)" type="node,closedway" preset_name_label="true" icon="stkaniny.png">
				<key key="shop" value="household_linen"/>
				<text key="name" text="Nazwa"/>
				<text key="brand" text="Marka"/>
				<text key="description" text="Opis"/>
				<text key="opening_hours" text="Godziny otwarcia"/>
				<text key="website" text="Strona internetowa"/>
			</item>
			<item name="Odkurzacz (stacjonarny)" type="node,closedway" preset_name_label="true" icon="odkurzacz.png">
				<key key="amenity" value="vacuum_cleaner"/>
				<text key="name" text="Nazwa"/>
				<text key="brand" text="Marka"/>
				<text key="operator" text="operator"/>
				<text key="description" text="Opis"/>
				<text key="opening_hours" text="Godziny otwarcia"/>
				<text key="website" text="Strona internetowa"/>
				<combo key="access" text="Dostęp" values="customers,delivery,no,permissive,private,yes" display_values="Tylko klienci,Dostawy,Nie,Tak (niepewne),Prywatne,Tak" default="yes"/>
				<check key="fee" value_on="yes" value_off="no" text="Opłata"/>
				<combo key="motorcar" text="Pojazdy silnikowe" values="customers,delivery,no,permissive,private,yes" display_values="Tylko klienci,Dostawy,Nie,Tak (niepewne),Prywatne,Tak" default="yes"/>
			</item>
			<item name="zajezdnia" type="node,closedway" preset_name_label="true" icon="zajezdnia.png">
				<key key="landuse" value="industrial"/>
				<key key="industrial" value="depot"/>
				<combo key="depot" text="Rodzaj zajezdni" values="bus,tram,trolleybus,container" display_values="Autobusowa,Tramwajowa,Trolejbusowa,Na kontenery"/>
				<text key="name" text="Nazwa"/>
				<text key="operator" text="Operator"/>
				<combo key="access" text="Dostęp" values="customers,delivery,no,permissive,private,yes" display_values="Tylko klienci,Dostawy,Nie,Tak (niepewne),Prywatne,Tak" default="private"/>
				<text key="wikipedia" text="Wikipedia obiektu"/>
				<text key="wikidata" text="Wikidata obiektu"/>
				<text key="wikimedia_commons" text="Wikimedia Commons"/>
				<text key="operator:wikipedia" text="Wikipedia operatora"/>
				<text key="operator:wikidata" text="Wikidata operatora"/>
			</item>
			<item name="do przodu" type="node" preset_name_label="true" icon="przod.png">
				<key key="direction" value="forward"/>
			</item>
			<item name="do tyłu" type="node" preset_name_label="true" icon="tyl.png">
				<key key="direction" value="backward"/>
			</item>
			<item name="Lampa uliczna" type="node" preset_name_label="true" icon="lampa.png">
				<key key="highway" value="street_lamp"/>
				<combo key="lamp_type" text="Rodzaj lampy" values="gaslight,fluorescent,halogen,incandescent,led,metal-halide,mercury,low_pressure_sodium,high_pressure_sodium,electric,floodlight,sodium,solar_lamp" display_values="Gazowa,Świetlówkowa,Halogenowa,Tradycyjna (z drucikiem),Ledowa,Metalohalogenkowa,Rtęciowa,Sodowa niskoprężna,Sodowa wysokoprężna,Elektryczna (ogólnie),Naświetlacz (ogólnie),Sodowa (ogólnie),Zasilana z energii słonecznej (ogólnie)"/>
				<combo key="lamp_mount" text="Rodzaj masztu" values="bollard,angled_mast,bent_mast,high_mast,straight_mast,suspended,wall" display_values="Zintegrowany z rzędem słupków,Łamany maszt,Wygięty maszt,Wysoki maszt (ponad 30m),Prosty pionowy maszt,Podwieszona lampa,Na ścianie"/>
				<text key="light:count" text="Liczba źródeł światła"/>
				<text key="light:direction" text="Kierunek geograficzny (0-359) stopni"/>
				<text key="light:tilt" text="Kierunek świecenia lampy (-90 w dół, 90 do góry)"/>
				<text key="ref" text="Numer referencyjny (ref)"/>
				<label text="Zamiennie z"/>
				<text key="lamp_ref" text="Numer referencyjny (lamp_ref)"/>
			</item>
			<item name="Panele fotowoltaiczne (domowe)" type="node,closedway" preset_name_label="true" icon="panele.png">
				<key key="power" value="generator"/>
				<key key="generator:source" value="solar"/>
				<key key="generator:method" value="photovoltaic"/>
				<key key="generator:type" value="solar_photovoltaic_panel"/>
				<key key="generator:output:electricity" value="small_installation"/>
				<key key="generator:solar:tracking" value="no"/>
				<check key="location" value_on="roof" text="Położony na dachu" disable_off="true"/>
			</item>
			<item name="Relacja przystanku" type="relation" preset_name_label="true" icon="przystanek.png">
				<key key="type" value="public_transport"/>
				<key key="public_transport" value="stop_area"/>
				<text key="name" text="Nazwa przystanku"/>
				<roles>
					<role key="platform" text="Peron / miejsce oczekiwania" requisite="required" type="node,way,closedway" member_expression="public_transport=platform"/>
					<role key="stop" text="Miejsce zatrzymania" requisite="required" type="node" member_expression="public_transport=stop_position"/>
				</roles>
			</item>
			<item name="Kamera monitoringu" type="node" preset_name_label="true" icon="kamera.png">
				<key key="man_made" value="surveillance"/>
				<combo key="surveillance:type" text="Rodzaj kamery" values="camera, ALPR" display_values="zwykła kamera,kamera z automatycznym odczytem rejestracji samochodowych"/>
				<text key="height" text="Wysokość motażu"/>
				<text key="operator" text="Operator"/>
				<combo key="surveillance" text="Miejsce objęte monitoringiem" values="indoor,outdoor,public,average_speed" display_values="wewnętrzna,zewnętrzna,publiczna (podgląd online),do mierzenia prędkości"/>
				<combo key="surveillance:zone" text="Strefa monitoringu" values="traffic,town,building,parking,entrace" display_values="ruch drogowy,miasto,w budynku,parking,wejście do budynku"/>
				<combo key="camera:type" text="Rodzaj kamery" values="fixed,dome,panning" display_values="nieruchoma,kopułkowa,obrotowa"/>
				<text key="camera:angle" text="Kąt nachylenia kamery względem ziemi"/>
				<text key="camera:direction" text="Kierunek kamery"/>
				<combo key="camera:mount" text="Mocowanie kamery" values="wall,pole,ceiling,street_light,building,traffic_signals,roof,gantry" display_values="na ścianie/murze,na słupie,na suficie,na latarnii ulicznej,na budynku,na sygnalizacji świetlnej,na dachu,na bramownicy/wysięgniku"/>
				<text key="ref" text="Numer referencyjny"/>
			</item>
			<item name="Butelkomat" type="node" preset_name_label="true" icon="butelkomat.png">
				<key key="vending" value="bottle_return"/>
				<text key="operator" text="Operator"/>
				<text key="opening_hours" text="Godziny otwarcia"/>
				<check key="wheelchair" text="Wózki inwalidzkie" value_on="yes" value_off="no"/>
				<space />
				<label text="Przyjmowane surowce:"/>
				<check key="recycling:cans" text="Puszki" value_on="yes" value_off="no" default="on"/>
				<check key="recycling:glass_bottles" text="Butelki szklane" value_on="yes" value_off="no" default="off"/>
				<check key="recycling:plastic_bottles" text="Butelki plastikowe" value_on="yes" value_off="no" default="on"/>
				<space />
				<label text="Metody wypłaty:"/>
				<check key="payment:coins" text="Monety" value_on="yes" value_off="no" default="off"/>
				<check key="payment:notes" text="Wydruk (bon)" value_on="yes" value_off="no" default="on"/>
				<check key="payment:debit_cards" text="Wypłata na kartę debetową" value_on="yes" value_off="no" default="off"/>
				<check key="payment:token" text="Paragon/żeton z możliwością wymiany na gotówkę" value_on="yes" value_off="no" default="off"/>
			</item>
			<item name="Stół publiczny" type="node" preset_name_label="true" icon="stol.png">
				<key key="amenity" value="table"/>
				<check key="sport" text="Stół szachowy" value_on="chess" disable_off="true"/>
			</item>
			<item name="Tężnia" type="node,closedway" preset_name_label="true" icon="teznia.png">
				<key key="man_made" value="graduation_tower"/>
				<text key="operator" text="Operator"/>
				<text key="opening_hours" text="Godziny otwarcia"/>
				<text key="brine_source" text="Pochodzenie solanki"/>
				<check key="building" text="Budynek" value_on="yes" disable_off="true"/>
				<check key="tourism" text="Atrakcja turystyczna" value_on="attraction" disable_off="true"/>
				<check key="lit" text="Oświetlenie" value_on="yes" value_off="no"/>
				<check key="fee" text="Opłata" value_on="yes" value_off="no"/>
				<check key="seasonal" text="Sezonowy" value_on="yes" value_off="no"/>
				<text key="start_date" text="Data otwarcia tężni"/>
				<space />
				<label text="Wymiary:"/>
				<text key="length" text="Długość"/>
				<text key="width" text="Szerokość"/>
				<text key="height" text="Wysokość"/>
			</item>
			<item name="Leżak publiczny" type="node,closedway" preset_name_label="true" icon="lezak.png">
				<key key="amenity" value="lounger"/>
				<check key="seasonal" text="Sezonowy" value_on="yes" value_off="no"/>
				<text key="material" text="Materiał (ang)"/><!-- POPRAWIĆ NA COMBO!!! -->
				<text key="operator" text="Operator"/>
			</item>
			<item name="Typowa stacja ładowania pojazdów Lidl" type="node,closedway" preset_name_label="true" icon="lidl_ev.png">
				<key key="amenity" value="charging_station"/>
				<key key="operator" value="Lidl"/>
				<text key="network" text="Sieć ładowarek (jeśli istnieje)"/>
				<text key="capacity" text="Ilość miejsc do ładowania (zazwyczaj 2)" default="2"/>
				<text key="ref" text="Numer ref"/>
				<text key="socket:type2" text="Gniazdo Type 2 (oznaczane jako C w białym 6-ciokącie, zazwyczaj 1)" default="1"/>
				<text key="socket:type2_combo" text="Gniazdo Type 2 Combo (oznaczane jako L w czarnym 6-ciokącie, zazwyczaj 2)" default="2"/>
				<check key="fee" text="Opłata" value_on="yes" value_off="no" default="on"/>
				<text key="opening_hours" text="Godziny otwarcia"/>
				<key key="authentication:app" value="yes"/>
				<key key="authentication:none" value="yes"/>
				<key key="covered" value="no"/>
				<key key="hgv" value="no"/>
				<key key="motorcar" value="yes"/>
				<key key="motorcycle" value="yes"/>
				<space />
				<label text="Ukryte tagi: operator - Lidl, odblokowanie za pomocą aplikacji i na ekranie urządzenia, niezadaszony, dla motocykli i osobówek, nie dla ciężarówek"/>
			</item>
		</group>
		<group name="Sklepy gotowe">
			<item name="Action" pl.name="Action" type="node,closedway" preset_name_label="true" icon="action.png">
				<key key="shop" value="variety_store"/>
				<key key="brand" value="Action"/>
				<key key="brand:wikidata" value="Q2634111"/>
				<key key="brand:wikipedia" value="pl:Action (holenderskie przedsiębiorstwo)"/>
				<key key="name" value="Action"/>
				<text key="description" text="Opis"/>
				<text key="opening_hours" text="Godziny otwarcia"/>
				<text key="website" text="Strona internetowa"/>
			</item>
			<item name="Dealz" type="node,closedway" preset_name_label="true" icon="dealz.png">
				<key key="shop" value="variety_store"/>
				<key key="brand" value="Dealz"/>
				<key key="brand:wikidata" value="Q16942585"/>
				<key key="brand:wikipedia" value="pl:Dealz"/>
				<key key="name" value="Dealz"/>
				<text key="description" text="Opis"/>
				<text key="opening_hours" text="Godziny otwarcia"/>
				<text key="website" text="Strona internetowa"/>
			</item>
			<item name="ABC (Polska)" type="node,closedway" preset_name_label="true" icon="abc.png">
				<key key="shop" value="convenience"/>
				<key key="brand" value="abc"/>
				<key key="brand:wikidata" value="Q11683985"/>
				<key key="brand:wikipedia" value="pl:abc (sieć handlowa)"/>
				<key key="name" value="abc"/>
				<text key="description" text="Opis"/>
				<text key="opening_hours" text="Godziny otwarcia"/>
				<text key="website" text="Strona internetowa"/>
			</item>
			<item name="Carrefour (sklepik)" type="node,closedway" preset_name_label="true" icon="carrefour.jpg">
				<key key="shop" value="convenience"/>
				<key key="brand" value="Carrefour"/>
				<key key="brand:wikidata" value="Q217599"/>
				<key key="brand:wikipedia" value="pl:Groupe Carrefour"/>
				<key key="name" value="Carrefour"/>
				<text key="description" text="Opis"/>
				<text key="opening_hours" text="Godziny otwarcia"/>
				<text key="website" text="Strona internetowa"/>
			</item>
			<item name="Carrefour Express" type="node,closedway" preset_name_label="true" icon="carrefour_express.png">
				<key key="shop" value="convenience"/>
				<key key="brand" value="Carrefour Express"/>
				<key key="brand:wikidata" value="Q2940190"/>
				<key key="name" value="Carrefour Express"/>
				<text key="description" text="Opis"/>
				<text key="opening_hours" text="Godziny otwarcia"/>
				<text key="website" text="Strona internetowa"/>
			</item>
			<item name="Circle K (sklep)" type="node,closedway" preset_name_label="true" icon="circlek.png">
				<key key="shop" value="convenience"/>
				<key key="brand" value="Circle K"/>
				<key key="brand:wikidata" value="Q3268010"/>
				<key key="brand:wikipedia" value="pl:Equinor"/>
				<key key="name" value="Circle K"/>
				<text key="description" text="Opis"/>
				<text key="opening_hours" text="Godziny otwarcia"/>
				<text key="website" text="Strona internetowa"/>
			</item>
			<item name="Delikatesy Centrum (sklepik)" type="node,closedway" preset_name_label="true" icon="delikatesy_centrum.png">
				<key key="shop" value="convenience"/>
				<key key="brand" value="Delikatesy Centrum"/>
				<key key="brand:wikidata" value="Q11693824"/>
				<key key="brand:wikipedia" value="pl:Delikatesy Centrum"/>
				<key key="name" value="Delikatesy Centrum"/>
				<text key="description" text="Opis"/>
				<text key="opening_hours" text="Godziny otwarcia"/>
				<text key="website" text="Strona internetowa"/>
			</item>
			<item name="Odido" type="node,closedway" preset_name_label="true" icon="odido.png">
				<key key="shop" value="convenience"/>
				<key key="brand" value="Odido"/>
				<key key="brand:wikidata" value="Q106947294"/>
				<key key="brand:wikipedia" value="pl:Metro Cash %26 Carry"/>
				<key key="name" value="Odido"/>
				<text key="description" text="Opis"/>
				<text key="opening_hours" text="Godziny otwarcia"/>
				<text key="website" text="Strona internetowa"/>
			</item>
			<item name="Shell (sklep)" type="node,closedway" preset_name_label="true" icon="shell.png">
				<key key="shop" value="convenience"/>
				<key key="brand" value="Shell"/>
				<key key="brand:wikidata" value="Q110716465"/>
				<key key="brand:wikipedia" value="pl:Shell (przedsiębiorstwo)"/>
				<key key="name" value="Shell"/>
				<text key="description" text="Opis"/>
				<text key="opening_hours" text="Godziny otwarcia"/>
				<text key="website" text="Strona internetowa"/>
			</item>
			<item name="Spar (sklepik)" type="node,closedway" preset_name_label="true" icon="spar.png">
				<key key="shop" value="convenience"/>
				<key key="brand" value="Spar"/>
				<key key="brand:wikidata" value="Q610492"/>
				<key key="brand:wikipedia" value="pl:Spar"/>
				<key key="name" value="Spar"/>
				<text key="description" text="Opis"/>
				<text key="opening_hours" text="Godziny otwarcia"/>
				<text key="website" text="Strona internetowa"/>
			</item>
			<item name="Spar Express" type="node,closedway" preset_name_label="true" icon="spar_express.png">
				<key key="shop" value="convenience"/>
				<key key="brand" value="Spar"/>
				<key key="brand:wikidata" value="Q610492"/>
				<key key="brand:wikipedia" value="pl:Spar"/>
				<key key="name" value="Spar Express"/>
				<text key="description" text="Opis"/>
				<text key="opening_hours" text="Godziny otwarcia"/>
				<text key="website" text="Strona internetowa"/>
			</item>
			<item name="Społem (sklepik)" type="node,closedway" preset_name_label="true" icon="spolem.png">
				<key key="shop" value="convenience"/>
				<key key="brand" value="Społem"/>
				<key key="brand:wikidata" value="Q11826043"/>
				<key key="brand:wikipedia" value="pl:Krajowy Związek Rewizyjny Spółdzielni Spożywców „Społem”"/>
				<key key="name" value="Społem"/>
				<text key="description" text="Opis"/>
				<text key="opening_hours" text="Godziny otwarcia"/>
				<text key="website" text="Strona internetowa"/>
			</item>
			<item name="Żabka" type="node,closedway" preset_name_label="true" icon="zabka.png">
				<key key="shop" value="convenience"/>
				<key key="brand" value="Żabka"/>
				<key key="brand:wikidata" value="Q2589061"/>
				<key key="brand:wikipedia" value="pl:Żabka (sieć sklepów)"/>
				<key key="name" value="Żabka"/>
				<key key="name:pl" value="Żabka"/>
				<key key="name:uk" value="Жабка"/>
				<text key="description" text="Opis"/>
				<text key="opening_hours" text="Godziny otwarcia"/>
				<text key="website" text="Strona internetowa"/>
				<link href="https://www.zabka.pl/znajdz-sklep/" text="Mapa z godzinami otwarcia"/>
			</item>
			<item name="Aldi" type="node,closedway" preset_name_label="true" icon="aldi.png">
				<key key="shop" value="supermarket"/>
				<key key="brand" value="ALDI"/>
				<key key="brand:wikidata" value="Q41171373"/>
				<key key="name" value="ALDI"/>
				<text key="description" text="Opis"/>
				<text key="opening_hours" text="Godziny otwarcia"/>
				<text key="website" text="Strona internetowa"/>
			</item>
			<item name="Auchan" type="node,closedway" preset_name_label="true" icon="auchan.png">
				<key key="shop" value="supermarket"/>
				<key key="brand" value="Auchan"/>
				<key key="brand:wikidata" value="Q758603"/>
				<key key="brand:wikipedia" value="pl:Auchan"/>
				<key key="name" value="Auchan"/>
				<text key="description" text="Opis"/>
				<text key="opening_hours" text="Godziny otwarcia"/>
				<text key="website" text="Strona internetowa"/>
			</item>
			<item name="Auchan Drive" type="node,closedway" preset_name_label="true" icon="auchan_drive.png">
				<key key="shop" value="supermarket"/>
				<key key="brand" value="Auchan Drive"/>
				<key key="brand:wikidata" value="Q2870659"/>
				<key key="name" value="Auchan Drive"/>
				<text key="description" text="Opis"/>
				<text key="opening_hours" text="Godziny otwarcia"/>
				<text key="website" text="Strona internetowa"/>
			</item>
			<item name="Biedronka" type="node,closedway" preset_name_label="true" icon="biedronka.jpg">
				<key key="shop" value="supermarket"/>
				<key key="brand" value="Biedronka"/>
				<key key="brand:wikidata" value="Q857182"/>
				<key key="brand:wikipedia" value="pl:Biedronka (sieć handlowa)"/>
				<key key="name" value="Biedronka"/>
				<text key="description" text="Opis"/>
				<text key="opening_hours" text="Godziny otwarcia"/>
				<text key="website" text="Strona internetowa"/>
			</item>
			<item name="Carrefour (supermarket)" type="node,closedway" preset_name_label="true" icon="carrefour.jpg">
				<key key="shop" value="supermarket"/>
				<key key="brand" value="Carrefour"/>
				<key key="brand:wikidata" value="Q217599"/>
				<key key="brand:wikipedia" value="pl:Groupe Carrefour"/>
				<key key="name" value="Carrefour"/>
				<text key="description" text="Opis"/>
				<text key="opening_hours" text="Godziny otwarcia"/>
				<text key="website" text="Strona internetowa"/>
			</item>
			<item name="Carrefour Market" type="node,closedway" preset_name_label="true" icon="carrefour_market.png">
				<key key="shop" value="supermarket"/>
				<key key="brand" value="Carrefour Market"/>
				<key key="brand:wikidata" value="Q2689639"/>
				<key key="brand:wikipedia" value="pl:Carrefour Market"/>
				<key key="name" value="Carrefour Market"/>
				<text key="description" text="Opis"/>
				<text key="opening_hours" text="Godziny otwarcia"/>
				<text key="website" text="Strona internetowa"/>
			</item>
			<item name="Delikatesy Centrum (supermarket)" type="node,closedway" preset_name_label="true" icon="delikatesy_centrum.png">
				<key key="shop" value="supermarket"/>
				<key key="brand" value="Delikatesy Centrum"/>
				<key key="brand:wikidata" value="Q11693824"/>
				<key key="brand:wikipedia" value="pl:Delikatesy Centrum"/>
				<key key="name" value="Delikatesy Centrum"/>
				<text key="description" text="Opis"/>
				<text key="opening_hours" text="Godziny otwarcia"/>
				<text key="website" text="Strona internetowa"/>
			</item>
			<item name="Dino" type="node,closedway" preset_name_label="true" icon="dino.png">
				<key key="shop" value="supermarket"/>
				<key key="brand" value="Dino"/>
				<key key="brand:wikidata" value="Q11694239"/>
				<key key="brand:wikipedia" value="pl:Dino Polska"/>
				<key key="name" value="Dino"/>
				<text key="description" text="Opis"/>
				<text key="opening_hours" text="Godziny otwarcia"/>
				<text key="website" text="Strona internetowa"/>
			</item>
			<item name="Intermarché" type="node,closedway" preset_name_label="true" icon="intermarche.png">
				<key key="shop" value="supermarket"/>
				<key key="brand" value="Intermarché"/>
				<key key="brand:wikidata" value="Q3153200"/>
				<key key="brand:wikipedia" value="pl:Intermarché"/>
				<key key="name" value="Intermarché"/>
				<text key="description" text="Opis"/>
				<text key="opening_hours" text="Godziny otwarcia"/>
				<text key="website" text="Strona internetowa"/>
			</item>
			<item name="Intermarché Super" type="node,closedway" preset_name_label="true" icon="intermarche_super.png">
				<key key="shop" value="supermarket"/>
				<key key="brand" value="Intermarché Super"/>
				<key key="brand:wikidata" value="Q98278038"/>
				<key key="brand:wikipedia" value="pl:Intermarché"/>
				<key key="name" value="Intermarché Super"/>
				<text key="description" text="Opis"/>
				<text key="opening_hours" text="Godziny otwarcia"/>
				<text key="website" text="Strona internetowa"/>
			</item>
			<item name="Kaufland" type="node,closedway" preset_name_label="true" icon="kaufland.png">
				<key key="shop" value="supermarket"/>
				<key key="brand" value="Kaufland"/>
				<key key="brand:wikidata" value="Q685967"/>
				<key key="brand:wikipedia" value="pl:Kaufland"/>
				<key key="name" value="Kaufland"/>
				<text key="description" text="Opis"/>
				<text key="opening_hours" text="Godziny otwarcia"/>
				<text key="website" text="Strona internetowa"/>
			</item>
			<item name="Lidl" type="node,closedway" preset_name_label="true" icon="lidl.png">
				<key key="shop" value="supermarket"/>
				<key key="brand" value="Lidl"/>
				<key key="brand:wikidata" value="Q151954"/>
				<key key="brand:wikipedia" value="pl:Lidl"/>
				<key key="name" value="Lidl"/>
				<text key="description" text="Opis"/>
				<text key="opening_hours" text="Godziny otwarcia"/>
				<text key="website" text="Strona internetowa"/>
			</item>
			<item name="Netto" type="node,closedway" preset_name_label="true" icon="netto.png">
				<key key="shop" value="supermarket"/>
				<key key="brand" value="Netto"/>
				<key key="brand:wikidata" value="Q552652"/>
				<key key="brand:wikipedia" value="pl:Netto (duńska sieć handlowa)"/>
				<key key="name" value="Netto"/>
				<text key="description" text="Opis"/>
				<text key="opening_hours" text="Godziny otwarcia"/>
				<text key="website" text="Strona internetowa"/>
			</item>
			<item name="Polo Market" type="node,closedway" preset_name_label="true" icon="polomarket.png">
				<key key="shop" value="supermarket"/>
				<key key="brand" value="POLOmarket"/>
				<key key="brand:wikidata" value="Q11821937"/>
				<key key="brand:wikipedia" value="pl:Polomarket"/>
				<key key="name" value="POLOmarket"/>
				<text key="description" text="Opis"/>
				<text key="opening_hours" text="Godziny otwarcia"/>
				<text key="website" text="Strona internetowa"/>
			</item>
			<item name="Spar (supermarket)" type="node,closedway" preset_name_label="true" icon="spar.png">
				<key key="shop" value="supermarket"/>
				<key key="brand" value="Spar"/>
				<key key="brand:wikidata" value="Q610492"/>
				<key key="brand:wikipedia" value="pl:Spar"/>
				<key key="name" value="Spar"/>
				<text key="description" text="Opis"/>
				<text key="opening_hours" text="Godziny otwarcia"/>
				<text key="website" text="Strona internetowa"/>
			</item>
			<item name="Społem (supermarket)" type="node,closedway" preset_name_label="true" icon="spolem.png">
				<key key="shop" value="supermarket"/>
				<key key="brand" value="Społem"/>
				<key key="brand:wikidata" value="Q11826043"/>
				<key key="brand:wikipedia" value="pl:Krajowy Związek Rewizyjny Spółdzielni Spożywców „Społem”"/>
				<key key="name" value="Społem"/>
				<text key="description" text="Opis"/>
				<text key="opening_hours" text="Godziny otwarcia"/>
				<text key="website" text="Strona internetowa"/>
			</item>
			<item name="Stokrotka" type="node,closedway" preset_name_label="true" icon="stokrotka.png">
				<key key="shop" value="supermarket"/>
				<key key="brand" value="Stokrotka"/>
				<key key="brand:wikidata" value="Q9345945"/>
				<key key="brand:wikipedia" value="pl:Stokrotka (sieć handlowa)"/>
				<key key="name" value="Stokrotka"/>
				<text key="description" text="Opis"/>
				<text key="opening_hours" text="Godziny otwarcia"/>
				<text key="website" text="Strona internetowa"/>
			</item>
			<item name="Stokrotka Market" type="node,closedway" preset_name_label="true" icon="stokrotka_market.png">
				<key key="shop" value="supermarket"/>
				<key key="brand" value="Stokrotka Market"/>
				<key key="brand:wikidata" value="Q110801183"/>
				<key key="name" value="Stokrotka Market"/>
				<text key="description" text="Opis"/>
				<text key="opening_hours" text="Godziny otwarcia"/>
				<text key="website" text="Strona internetowa"/>
			</item>
			<item name="Stokrotka Optima" type="node,closedway" preset_name_label="true" icon="stokrotka_optima.png">
				<key key="shop" value="supermarket"/>
				<key key="brand" value="Stokrotka Optima"/>
				<key key="brand:wikidata" value="Q110801045"/>
				<key key="name" value="Stokrotka Optima"/>
				<text key="description" text="Opis"/>
				<text key="opening_hours" text="Godziny otwarcia"/>
				<text key="website" text="Strona internetowa"/>
			</item>
			<item name="Groszek" type="node,closedway" preset_name_label="true" icon="groszek.png">
				<key key="shop" value="convenience"/>
				<key key="brand" value="Groszek"/>
				<key key="brand:wikidata" value="Q9280965"/>
				<key key="brand:wikipedia" value="pl:Groszek (sieć sklepów)"/>
				<key key="name" value="Groszek"/>
				<text key="description" text="Opis"/>
				<text key="opening_hours" text="Godziny otwarcia"/>
				<text key="website" text="Strona internetowa"/>
			</item>
			<item name="Easy Auchan" type="node,closedway" preset_name_label="true" icon="auchan.png">
				<key key="shop" value="convenience"/>
				<key key="brand" value="Easy Auchan"/>
				<key key="brand:wikidata" value="Q130644722"/>
				<!-- <key key="brand:wikipedia" value="pl:Auchan"/> -->
				<key key="name" value="Easy Auchan"/>
				<text key="description" text="Opis"/>
				<text key="opening_hours" text="Godziny otwarcia"/>
				<text key="website" text="Strona internetowa"/>
			</item>
			<item name="Stokrotka Express" type="node,closedway" preset_name_label="true" icon="stokrotka_express.png">
				<key key="shop" value="convenience"/>
				<key key="brand" value="Stokrotka Express"/>
				<key key="brand:wikidata" value="Q110801119"/>
				<key key="name" value="Stokrotka Express"/>
				<text key="description" text="Opis"/>
				<text key="opening_hours" text="Godziny otwarcia"/>
				<text key="website" text="Strona internetowa"/>
			</item>
			<item name="Euro Sklep" type="node,closedway" preset_name_label="true" icon="euro_sklep.png">
				<key key="shop" value="convenience"/>
				<key key="brand" value="Euro Sklep"/>
				<key key="brand:wikidata" value="Q11702591"/>
				<key key="brand:wikipedia" value="pl:Euro Sklep"/>
				<key key="name" value="Euro Sklep"/>
				<text key="description" text="Opis"/>
				<text key="opening_hours" text="Godziny otwarcia"/>
				<text key="website" text="Strona internetowa"/>
			</item>
			<item name="Lewiatan (sklepik)" type="node,closedway" preset_name_label="true" icon="lewiatan.png">
				<key key="shop" value="convenience"/>
				<key key="brand" value="Lewiatan (sklep)"/>
				<key key="brand:wikidata" value="Q11755396"/>
				<key key="brand:wikipedia" value="pl:Lewiatan (sieć handlowa)"/>
				<key key="name" value="Lewiatan"/>
				<text key="description" text="Opis"/>
				<text key="opening_hours" text="Godziny otwarcia"/>
				<text key="website" text="Strona internetowa"/>
			</item>
			<item name="Lewiatan (supermarket)" type="node,closedway" preset_name_label="true" icon="lewiatan.png">
				<key key="shop" value="supermarket"/>
				<key key="brand" value="Lewiatan"/>
				<key key="brand:wikidata" value="Q11755396"/>
				<key key="brand:wikipedia" value="pl:Lewiatan (sieć handlowa)"/>
				<key key="name" value="Lewiatan"/>
				<text key="description" text="Opis"/>
				<text key="opening_hours" text="Godziny otwarcia"/>
				<text key="website" text="Strona internetowa"/>
			</item>
			<item name="Leroy Merlin" type="node,closedway" preset_name_label="true" icon="leroymerlin.png">
				<key key="shop" value="doityourself"/>
				<key key="brand" value="Leroy Merlin"/>
				<key key="brand:wikidata" value="Q889624"/>
				<key key="brand:wikipedia" value="pl:Leroy Merlin"/>
				<key key="name" value="Leroy Merlin"/>
				<text key="description" text="Opis"/>
				<text key="opening_hours" text="Godziny otwarcia"/>
				<text key="website" text="Strona internetowa"/>
			</item>
			<item name="OBI" type="node,closedway" preset_name_label="true" icon="obi.png">
				<key key="shop" value="doityourself"/>
				<key key="brand" value="OBI"/>
				<key key="brand:wikidata" value="Q300518"/>
				<key key="brand:wikipedia" value="pl:Obi (sieć handlowa)"/>
				<key key="name" value="OBI"/>
				<text key="description" text="Opis"/>
				<text key="opening_hours" text="Godziny otwarcia"/>
				<text key="website" text="Strona internetowa"/>
			</item>
			<item name="Bricomarché" type="node,closedway" preset_name_label="true" icon="bricomarche.png">
				<key key="shop" value="doityourself"/>
				<key key="brand" value="Bricomarché"/>
				<key key="brand:wikidata" value="Q2925147"/>
				<key key="brand:wikipedia" value="pl:Bricomarché"/>
				<key key="name" value="Bricomarché"/>
				<text key="description" text="Opis"/>
				<text key="opening_hours" text="Godziny otwarcia"/>
				<text key="website" text="Strona internetowa"/>
			</item>
			<item name="Castorama" type="node,closedway" preset_name_label="true" icon="castorama.png">
				<key key="shop" value="doityourself"/>
				<key key="brand" value="Castorama"/>
				<key key="brand:wikidata" value="Q966971"/>
				<key key="brand:wikipedia" value="pl:Castorama"/>
				<key key="name" value="Castorama"/>
				<text key="description" text="Opis"/>
				<text key="opening_hours" text="Godziny otwarcia"/>
				<text key="website" text="Strona internetowa"/>
			</item>
		</group>
		<group name="Zabytki">
			<item name="Zabytek UNESCO" type="node,way,closedway,area,relation" icon="Icon_nid.png" preset_name_label="true">
				<label text="Wszystkie:"/>
				<text key="name" text="Nazwa"/>
				<key key="heritage" value="1"/>
				<key key="heritage:operator" value="whc"/>
				<text key="ref:whc" text="Numer zabytku"/>
				<text key="heritage:website" text="Strona internetowa zabytku"/>
				<text key="whc:inscription_date" text="Data wpisania zabytku - UNESCO (YYYY-MM-DD)"/>
				<text key="wikipedia" text="Wikipedia"/>
				<text key="wikidata" text="Wikidata"/>
				<text key="wikimedia_commons" text="Wikimedia"/>
				<combo key="historic" text="Typ zabytku" values="archaeological_site,boundary_stone,castle,city_gate,fort,memorial,monument,statue,house,manor,mine,mine_shaft,quarry,mine_adit,wreck,ship,citywalls,battlefield,castle_walls,warthworks,moat,wayside_cross,church,wayside_shrine,roman_road,railway_station,bridge,milestone,wall,well,boundary_marker,folly,building,industrial,ruins"/>
				<text key="start_date" text="Data otwarcia"/>
				<space />
				<label text="Obszary:"/>
				<combo key="boundary" text="Obszar chroniony" values="protected_area" display_values="Tak" default=""/>
				<text key="protect_class" text="Klasa ochrony (1a, 1b, 1 - 99)"/>
			</item>
			<item name="Zabytek wojewódzki" type="node,way,closedway,area,relation" icon="Icon_nid.png" preset_name_label="true">
				<label text="Wszystkie:"/>
				<text key="name" text="Nazwa"/>
				<key key="heritage" value="2"/>
				<key key="heritage:operator" value="nid"/>
				<text key="ref:nid" text="Numer zabytku - wojewódzki"/>
				<text key="heritage:website" text="Strona internetowa zabytku"/>
				<text key="nid:inscription_date" text="Data wpisania zabytku - wojewódzki (YYYY-MM-DD)"/>
				<text key="wikipedia" text="Wikipedia"/>
				<text key="wikidata" text="Wikidata"/>
				<text key="wikimedia_commons" text="Wikimedia"/>
				<combo key="historic" text="Typ zabytku" values="archaeological_site,boundary_stone,castle,city_gate,fort,memorial,monument,statue,house,manor,mine,mine_shaft,quarry,mine_adit,wreck,ship,citywalls,battlefield,castle_walls,warthworks,moat,wayside_cross,church,wayside_shrine,roman_road,railway_station,bridge,milestone,wall,well,boundary_marker,folly,building,industrial,ruins"/>
				<text key="start_date" text="Data otwarcia"/>
				<space />
				<label text="Obszary:"/>
				<combo key="boundary" text="Obszar chroniony" values="protected_area" display_values="Tak" default=""/>
				<text key="protect_class" text="Klasa ochrony (1a, 1b, 1 - 99)"/>
			</item>
			<item name="Zabytek gminny" type="node,way,closedway,area,relation" icon="Icon_nid.png" preset_name_label="true">
				<label text="Wszystkie:"/>
				<text key="name" text="Nazwa"/>
				<key key="heritage" value="7"/>
				<text key="heritage:operator" text="Organizacja ochrony"/>
				<text key="ref:gez" text="Numer zabytku - gminny"/>
				<text key="heritage:website" text="Strona internetowa zabytku"/>
				<text key="gez:inscription_date" text="Data wpisania zabytku - gminny (YYYY-MM-DD)"/>
				<text key="wikipedia" text="Wikipedia"/>
				<text key="wikidata" text="Wikidata"/>
				<text key="wikimedia_commons" text="Wikimedia"/>
				<combo key="historic" text="Typ zabytku" values="archaeological_site,boundary_stone,castle,city_gate,fort,memorial,monument,statue,house,manor,mine,mine_shaft,quarry,mine_adit,wreck,ship,citywalls,battlefield,castle_walls,warthworks,moat,wayside_cross,church,wayside_shrine,roman_road,railway_station,bridge,milestone,wall,well,boundary_marker,folly,building,industrial,ruins"/>
				<text key="start_date" text="Data otwarcia"/>
				<space />
				<label text="Obszary:"/>
				<combo key="boundary" text="Obszar chroniony" values="protected_area" display_values="Tak" default=""/>
				<text key="protect_class" text="Klasa ochrony (1a, 1b, 1 - 99)"/>
			</item>
		</group>
		<group name="Stacje paliw">
			<item name="Avia" icon="avia.png" type="node,closedway" preset_name_label="true">
				<key key="amenity" value="fuel"/>
				<key key="brand" value="Avia"/>
				<key key="brand:wikidata" value="Q300147"/>
				<key key="brand:wikipedia" value="pl:Avia International"/>
				<key key="name" value="Avia"/>
				<text key="description" text="Opis"/>
				<text key="opening_hours" text="Godziny otwarcia"/>
				<text key="website" text="Strona internetowa"/>
			</item>
			<item name="BP" icon="bp.png" type="node,closedway" preset_name_label="true">
				<key key="amenity" value="fuel"/>
				<key key="brand" value="BP"/>
				<key key="brand:wikidata" value="Q152057"/>
				<key key="brand:wikipedia" value="pl:BP (koncern)"/>
				<key key="name" value="BP"/>
				<text key="description" text="Opis"/>
				<text key="opening_hours" text="Godziny otwarcia"/>
				<text key="website" text="Strona internetowa"/>
			</item>
			<item name="Carrefour (stacja paliw)" icon="carrefour.jpg" type="node,closedway" preset_name_label="true">
				<key key="amenity" value="fuel"/>
				<key key="brand" value="Carrefour"/>
				<key key="brand:wikidata" value="Q217599"/>
				<key key="brand:wikipedia" value="pl:Groupe Carrefour"/>
				<key key="name" value="Carrefour"/>
				<text key="description" text="Opis"/>
				<text key="opening_hours" text="Godziny otwarcia"/>
				<text key="website" text="Strona internetowa"/>
			</item>
			<item name="Intermarché (stacja paliw)" icon="intermarche.png" type="node,closedway" preset_name_label="true">
				<key key="amenity" value="fuel"/>
				<key key="brand" value="Intermarché"/>
				<key key="brand:wikidata" value="Q3153200"/>
				<key key="brand:wikipedia" value="pl:Intermarché"/>
				<key key="name" value="Intermarché"/>
				<text key="description" text="Opis"/>
				<text key="opening_hours" text="Godziny otwarcia"/>
				<text key="website" text="Strona internetowa"/>
			</item>
			<item name="Lotos" icon="lotos.png" type="node,closedway" preset_name_label="true">
				<key key="amenity" value="fuel"/>
				<key key="brand" value="Lotos"/>
				<key key="brand:wikidata" value="Q1256909"/>
				<key key="brand:wikipedia" value="pl:Grupa Lotos"/>
				<key key="name" value="Lotos"/>
				<text key="description" text="Opis"/>
				<text key="opening_hours" text="Godziny otwarcia"/>
				<text key="website" text="Strona internetowa"/>
			</item>
			<item name="MOL" icon="mol.png" type="node,closedway" preset_name_label="true">
				<key key="amenity" value="fuel"/>
				<key key="brand" value="MOL"/>
				<key key="brand:wikidata" value="Q549181"/>
				<key key="brand:wikipedia" value="pl:MOL"/>
				<key key="name" value="MOL"/>
				<text key="description" text="Opis"/>
				<text key="opening_hours" text="Godziny otwarcia"/>
				<text key="website" text="Strona internetowa"/>
			</item>
			<item name="Orlen" icon="orlen.png" type="node,closedway" preset_name_label="true">
				<key key="amenity" value="fuel"/>
				<key key="brand" value="Orlen"/>
				<key key="brand:wikidata" value="Q971649"/>
				<key key="brand:wikipedia" value="pl:Orlen"/>
				<key key="name" value="Orlen"/>
				<text key="description" text="Opis"/>
				<text key="opening_hours" text="Godziny otwarcia"/>
				<text key="website" text="Strona internetowa"/>
			</item>
			<item name="Shell" icon="shell.png" type="node,closedway" preset_name_label="true">
				<key key="amenity" value="fuel"/>
				<key key="brand" value="Shell"/>
				<key key="brand:wikidata" value="Q110716465"/>
				<key key="brand:wikipedia" value="pl:Shell (przedsiębiorstwo)"/>
				<key key="name" value="Shell"/>
				<text key="description" text="Opis"/>
				<text key="opening_hours" text="Godziny otwarcia"/>
				<text key="website" text="Strona internetowa"/>
			</item>
			<item name="Circle K" icon="circlek.png" type="node,closedway" preset_name_label="true">
				<key key="amenity" value="fuel"/>
				<key key="brand" value="Circle K"/>
				<key key="brand:wikidata" value="Q3268010"/>
				<key key="name" value="Circle K"/>
				<text key="description" text="Opis"/>
				<text key="opening_hours" text="Godziny otwarcia"/>
				<text key="website" text="Strona internetowa"/>
			</item>
		</group>
	</group>
</presets>
